CREATE DATABASE IF NOT EXISTS chat_db CHARACTER SET utf8mb4 COLLATE utf8mb4_unicode_ci;

USE chat_db;

SET FOREIGN_KEY_CHECKS = 0;
DROP TABLE IF EXISTS group_message_deliveries;
DROP TABLE IF EXISTS group_messages;
DROP TABLE IF EXISTS group_members;
DROP TABLE IF EXISTS chat_groups;
DROP TABLE IF EXISTS friend_blocks;
DROP TABLE IF EXISTS friends;
DROP TABLE IF EXISTS messages;
DROP TABLE IF EXISTS users;
SET FOREIGN_KEY_CHECKS = 1;

CREATE TABLE IF NOT EXISTS users (
    id INT PRIMARY KEY,
    username VARCHAR(50) UNIQUE NOT NULL,
    password VARCHAR(100) NOT NULL,
    created_at TIMESTAMP DEFAULT CURRENT_TIMESTAMP
) ENGINE=InnoDB DEFAULT CHARSET=utf8mb4;

CREATE TABLE IF NOT EXISTS messages (
    id INT AUTO_INCREMENT PRIMARY KEY,
    sender_id INT NOT NULL,
    receiver_id INT NOT NULL,
    content TEXT NOT NULL,
    delivered TINYINT(1) DEFAULT 0,
    timestamp TIMESTAMP DEFAULT CURRENT_TIMESTAMP,
    FOREIGN KEY(sender_id) REFERENCES users(id) ON DELETE CASCADE,
    FOREIGN KEY(receiver_id) REFERENCES users(id) ON DELETE CASCADE
) ENGINE=InnoDB DEFAULT CHARSET=utf8mb4;

CREATE TABLE IF NOT EXISTS friends (
    id INT AUTO_INCREMENT PRIMARY KEY,
    user_id INT NOT NULL,
    friend_id INT NOT NULL,
    status INT DEFAULT 0,
    created_at TIMESTAMP DEFAULT CURRENT_TIMESTAMP,
    FOREIGN KEY(user_id) REFERENCES users(id) ON DELETE CASCADE,
    FOREIGN KEY(friend_id) REFERENCES users(id) ON DELETE CASCADE,
    UNIQUE KEY unique_friend (user_id, friend_id)
) ENGINE=InnoDB DEFAULT CHARSET=utf8mb4;

CREATE TABLE IF NOT EXISTS friend_blocks (
    id INT AUTO_INCREMENT PRIMARY KEY,
    blocker_id INT NOT NULL,
    blocked_id INT NOT NULL,
    created_at TIMESTAMP DEFAULT CURRENT_TIMESTAMP,
    FOREIGN KEY(blocker_id) REFERENCES users(id) ON DELETE CASCADE,
    FOREIGN KEY(blocked_id) REFERENCES users(id) ON DELETE CASCADE,
    UNIQUE KEY unique_block (blocker_id, blocked_id)
) ENGINE=InnoDB DEFAULT CHARSET=utf8mb4;

CREATE TABLE IF NOT EXISTS chat_groups (
    id INT AUTO_INCREMENT PRIMARY KEY,
    name VARCHAR(80) NOT NULL,
    owner_id INT NOT NULL,
    created_at TIMESTAMP DEFAULT CURRENT_TIMESTAMP,
    FOREIGN KEY(owner_id) REFERENCES users(id) ON DELETE CASCADE
) ENGINE=InnoDB DEFAULT CHARSET=utf8mb4;

CREATE TABLE IF NOT EXISTS group_members (
    id INT AUTO_INCREMENT PRIMARY KEY,
    group_id INT NOT NULL,
    user_id INT NOT NULL,
    created_at TIMESTAMP DEFAULT CURRENT_TIMESTAMP,
    FOREIGN KEY(group_id) REFERENCES chat_groups(id) ON DELETE CASCADE,
    FOREIGN KEY(user_id) REFERENCES users(id) ON DELETE CASCADE,
    UNIQUE KEY unique_group_member (group_id, user_id)
) ENGINE=InnoDB DEFAULT CHARSET=utf8mb4;

CREATE TABLE IF NOT EXISTS group_messages (
    id INT AUTO_INCREMENT PRIMARY KEY,
    group_id INT NOT NULL,
    sender_id INT NOT NULL,
    content TEXT NOT NULL,
    timestamp TIMESTAMP DEFAULT CURRENT_TIMESTAMP,
    FOREIGN KEY(group_id) REFERENCES chat_groups(id) ON DELETE CASCADE,
    FOREIGN KEY(sender_id) REFERENCES users(id) ON DELETE CASCADE
) ENGINE=InnoDB DEFAULT CHARSET=utf8mb4;

CREATE TABLE IF NOT EXISTS group_message_deliveries (
    id INT AUTO_INCREMENT PRIMARY KEY,
    message_id INT NOT NULL,
    user_id INT NOT NULL,
    delivered TINYINT(1) DEFAULT 0,
    created_at TIMESTAMP DEFAULT CURRENT_TIMESTAMP,
    FOREIGN KEY(message_id) REFERENCES group_messages(id) ON DELETE CASCADE,
    FOREIGN KEY(user_id) REFERENCES users(id) ON DELETE CASCADE,
    UNIQUE KEY unique_group_delivery (message_id, user_id)
) ENGINE=InnoDB DEFAULT CHARSET=utf8mb4;

INSERT IGNORE INTO users (id, username, password) VALUES
(83046127, 'admin', SHA2('admin123', 256)),
(27491583, 'user1', SHA2('user123', 256)),
(69173840, 'user2', SHA2('user123', 256)),
(45820619, 'user3', SHA2('user123', 256));

INSERT IGNORE INTO friends (user_id, friend_id, status) VALUES
(83046127, 27491583, 1),
(83046127, 69173840, 1),
(83046127, 45820619, 1),
(27491583, 83046127, 1),
(69173840, 83046127, 1),
(45820619, 83046127, 1),
(27491583, 69173840, 1),
(69173840, 27491583, 1);

INSERT IGNORE INTO chat_groups (id, name, owner_id) VALUES
(1, '默认群聊', 83046127);

INSERT IGNORE INTO group_members (group_id, user_id) VALUES
(1, 83046127),
(1, 27491583),
(1, 69173840);
